run_id,timestamp,generation,duration_sec,training_mode,speed_multiplier,collectors_total,collectors_real,collectors_injected,collectors_alive,hunters_total,hunters_alive,batteries_collected,batteries_collected_real,kills,best_collector_fitness,avg_collector_fitness,best_hunter_fitness,avg_hunter_fitness,avg_fit_battery,avg_fit_proximity,avg_fit_survival,avg_fit_hunter_penalty,avg_fit_death,avg_fit_idle,collector_sees_hunter_frames,collector_danger_frames,collector_escape_events,collector_approach_events,collector_neutral_events,escape_ratio,approach_ratio,avg_nearest_hunter_dist
20260510_154241,2026-05-10 15:43:23,0,41.5061,0,1,50,50,0,0,10,10,121,121,15,2227.520926,-2254.173307,1970.661787,1185.903765,242.000000,56.439850,559.422843,0.000000,-3000.000000,-112.036000,2004,8293,3740,4453,0,0.456487,0.543513,134.120525
20260510_154241,2026-05-10 15:44:02,1,39.6987,1,500,51,50,1,0,10,10,128,127,19,2809.552185,-3061.447406,2140.522247,1290.399655,254.000000,52.226330,529.842264,0.000000,-3800.000000,-97.516000,3377,10302,4693,5449,0,0.462729,0.537271,144.145436
20260510_154241,2026-05-10 15:44:07,2,4.1091,1,500,52,50,2,2,10,10,207,196,25,5219.532664,-3740.583394,2112.343833,1426.834248,392.000000,61.908744,726.223862,0.000000,-4800.000000,-120.716000,4181,16900,8372,8299,0,0.502189,0.497811,142.258200
20260510_154241,2026-05-10 15:44:10,3,3.6212,1,500,53,50,3,0,10,10,114,113,17,1817.660632,-2432.155932,1985.918034,1301.344593,226.000000,49.653299,584.998769,0.000000,-3200.000000,-92.808000,3711,13745,6524,7060,0,0.480271,0.519729,136.954022
20260510_154241,2026-05-10 15:44:15,4,4.1872,1,500,54,50,4,1,10,10,139,134,13,5548.037730,-1383.224607,1766.759849,1278.704489,268.000000,57.397278,579.566115,0.000000,-2200.000000,-88.188000,2352,8330,3810,4366,0,0.465998,0.534002,146.252043
20260510_154241,2026-05-10 15:44:19,5,4.3383,1,500,55,50,5,0,10,10,207,179,17,3322.844610,-1750.621761,1850.600652,1493.019415,358.000000,62.928112,709.414127,0.000000,-2800.000000,-80.964000,3288,13714,6308,7191,0,0.467294,0.532706,132.037950
20260510_154241,2026-05-10 15:44:23,6,4.5069,1,500,55,50,5,3,10,10,189,166,16,3590.504867,-1580.917048,2001.643997,1460.707865,332.000000,59.345307,726.709645,0.000000,-2600.000000,-98.972000,3731,13186,6171,6820,0,0.475021,0.524979,135.058468
20260510_154241,2026-05-10 15:44:27,7,3.7404,1,500,55,50,5,1,10,10,101,79,27,2278.837568,-4037.293973,2828.232412,1733.782082,158.000000,47.773047,641.244979,0.000000,-4800.000000,-84.312000,3777,15409,7114,8089,0,0.467934,0.532066,139.882423
20260510_154241,2026-05-10 15:44:31,8,3.7550,1,500,55,50,5,1,10,10,127,98,23,2432.149397,-3561.596464,2541.567729,1487.791790,196.000000,46.277191,470.582345,0.000000,-4200.000000,-74.456000,3213,9565,4305,5100,0,0.457735,0.542265,142.252865
20260510_154241,2026-05-10 15:44:35,9,4.2742,1,500,55,50,5,2,10,10,158,146,21,3567.117769,-2900.900757,1891.236381,1506.326689,292.000000,59.335005,650.516238,0.000000,-3800.000000,-102.752000,3530,13717,6375,7170,0,0.470653,0.529347,132.570466
20260510_154241,2026-05-10 15:44:39,10,4.0350,1,500,55,50,5,1,10,10,202,197,28,3394.939834,-4009.330953,2664.054467,1651.684584,394.000000,61.845652,624.883395,0.000000,-5000.000000,-90.060000,3190,11617,5223,6220,0,0.456436,0.543564,141.619534
20260510_154241,2026-05-10 15:44:43,11,4.0100,1,500,55,50,5,1,10,10,210,189,31,3619.129336,-4759.344470,2664.832168,1788.374379,378.000000,54.237004,687.170526,0.000000,-5800.000000,-78.752000,3765,17807,8047,9518,0,0.458127,0.541873,138.978629
20260510_154241,2026-05-10 15:44:47,12,3.6143,1,500,55,50,5,1,10,10,178,157,33,4742.777933,-5150.538107,2486.635850,1785.735510,314.000000,46.916558,548.165335,0.000000,-6000.000000,-59.620000,2955,12389,5507,6706,0,0.450913,0.549087,135.512247
20260510_154241,2026-05-10 15:44:51,13,4.0715,1,500,55,50,5,0,10,10,250,230,30,2268.532112,-4749.543688,2275.106454,1841.568836,460.000000,51.135203,611.645109,0.000000,-5800.000000,-72.324000,2843,11734,5110,6450,0,0.442042,0.557958,133.347589
20260510_154241,2026-05-10 15:44:55,14,4.0341,1,500,55,50,5,1,10,10,240,224,29,4874.578601,-4096.941389,2258.249891,1831.384072,448.000000,56.767273,656.427339,0.000000,-5200.000000,-58.136000,3579,14304,6450,7678,0,0.456540,0.543460,132.276043
20260510_154241,2026-05-10 15:45:00,15,4.2489,1,500,55,50,5,2,10,10,207,160,27,2906.205941,-4121.463263,2251.317420,1701.932679,320.000000,54.746391,583.714346,0.000000,-5000.000000,-79.924000,3594,13053,6023,6855,0,0.467697,0.532303,133.544222
20260510_154241,2026-05-10 15:45:04,16,4.1252,1,500,55,50,5,2,10,10,179,153,19,6657.527025,-2344.897526,2039.187476,1433.127405,306.000000,53.557454,582.405020,0.000000,-3200.000000,-86.860000,3055,12779,6035,6598,0,0.477717,0.522283,130.194916
20260510_154241,2026-05-10 15:45:07,17,3.5358,1,500,55,50,5,1,10,10,171,139,31,3037.205411,-4929.664663,2562.374024,1784.683077,278.000000,43.081018,422.302319,0.000000,-5600.000000,-73.048000,2419,8777,3867,4797,0,0.446330,0.553670,132.727210
20260510_154241,2026-05-10 15:45:11,18,3.8929,1,500,55,50,5,1,10,10,196,180,29,5208.686639,-4513.710411,2299.940367,1777.444062,360.000000,52.748456,554.165133,0.000000,-5400.000000,-80.624000,3849,13654,6245,7238,0,0.463176,0.536824,139.324979
20260510_154241,2026-05-10 15:45:15,19,4.0060,1,500,55,50,5,0,10,10,206,142,29,2156.208374,-4348.302294,2435.278744,1765.855354,284.000000,52.300084,587.929622,0.000000,-5200.000000,-72.532000,3931,11835,5191,6453,0,0.445809,0.554191,139.942636
20260510_154241,2026-05-10 15:45:19,20,3.9885,1,500,55,50,5,0,10,10,169,132,23,2179.383513,-3147.247901,2068.237939,1492.675196,264.000000,52.794995,625.593104,0.000000,-4000.000000,-89.636000,3068,16287,7313,8794,0,0.454026,0.545974,127.425496
20260510_154241,2026-05-10 15:45:24,21,4.1100,1,500,55,50,5,2,10,10,227,178,30,4070.674991,-4280.354997,3504.058292,1671.252190,356.000000,51.598838,591.926165,0.000000,-5200.000000,-79.880000,3198,13874,6211,7502,0,0.452928,0.547072,135.418758
20260510_154241,2026-05-10 15:45:27,22,3.8324,1,500,55,50,5,0,10,10,120,99,23,2376.073040,-3238.879490,2145.658504,1523.992480,198.000000,50.253304,597.531206,0.000000,-4000.000000,-84.664000,3576,14901,7091,7647,0,0.481137,0.518863,133.797076
20260510_154241,2026-05-10 15:45:31,23,3.2891,1,500,55,50,5,0,10,10,103,93,27,2121.972430,-4009.682106,2414.013443,1532.277783,186.000000,38.425589,443.080305,0.000000,-4600.000000,-77.188000,2713,10974,4952,5912,0,0.455817,0.544183,123.766018
20260510_154241,2026-05-10 15:45:34,24,3.6645,1,500,55,50,5,0,10,10,142,105,25,1991.131074,-3805.243850,2418.130718,1481.043593,210.000000,42.676785,407.055365,0.000000,-4400.000000,-64.976000,2514,8110,3772,4212,8,0.471972,0.527027,137.883404
20260510_154241,2026-05-10 15:46:16,25,41.1867,0,1,55,50,5,1,10,10,182,140,29,3158.958012,-4480.330559,2344.171467,1558.118336,280.000000,40.192518,444.392923,0.000000,-5200.000000,-44.916000,2631,8745,4038,4561,0,0.469589,0.530411,131.273100
20260510_154823,2026-05-10 15:48:58,0,34.9007,1,500,50,50,0,0,10,10,105,105,28,4623.067926,-4915.309051,2234.753981,1547.623556,210.000000,45.323574,515.283375,0.000000,-5600.000000,-85.916000,3018,11339,5122,6056,0,0.458222,0.541778,131.634448
20260510_154823,2026-05-10 15:49:02,1,4.0452,1,500,51,50,1,4,10,10,188,187,26,3159.707580,-3977.459248,2861.261820,1675.323326,374.000000,63.767566,707.997186,0.000000,-5000.000000,-123.224000,4633,14859,6814,7852,0,0.464612,0.535388,139.492475
20260510_154823,2026-05-10 15:49:06,2,4.3137,1,500,52,50,2,1,10,10,188,187,26,2778.725861,-3719.462634,2497.249239,1535.013321,374.000000,64.530073,766.763293,0.000000,-4800.000000,-124.756000,4186,19981,9360,10426,0,0.473062,0.526938,130.621631
20260510_154823,2026-05-10 15:49:10,3,3.9933,1,500,53,50,3,2,10,10,163,120,21,2482.555468,-3294.276483,2415.592818,1530.588429,240.000000,50.581275,523.882243,0.000000,-4000.000000,-108.740000,2581,8875,3629,5116,0,0.414980,0.585020,133.477913
20260510_154823,2026-05-10 15:49:14,4,4.1466,1,500,54,50,4,2,10,10,205,188,27,3462.854238,-4024.592016,2289.690183,1541.103008,376.000000,59.254275,647.349709,0.000000,-5000.000000,-107.196000,3738,13028,5922,6924,0,0.461000,0.539000,136.905345
20260510_154823,2026-05-10 15:49:18,5,3.3238,1,500,55,50,5,1,10,10,127,123,38,2800.583449,-6135.852349,2788.109241,1892.714601,246.000000,44.693079,458.602571,0.000000,-6800.000000,-85.148000,2245,7763,3090,4545,0,0.404715,0.595285,132.287667
20260510_154823,2026-05-10 15:49:22,6,4.7302,1,500,55,50,5,0,10,10,142,119,24,1920.485351,-3554.702976,2045.769646,1472.295680,238.000000,45.566164,432.390860,0.000000,-4200.000000,-70.660000,2354,8429,3660,4656,0,0.440115,0.559885,132.315070
20260510_154823,2026-05-10 15:49:26,7,3.6572,1,500,55,50,5,2,10,10,153,123,25,3944.075050,-3632.146764,2293.597547,1537.834987,246.000000,49.313812,561.847424,0.000000,-4400.000000,-89.308000,3410,13989,6403,7413,0,0.463448,0.536552,141.835142
20260510_154823,2026-05-10 15:49:30,8,3.9974,1,500,55,50,5,1,10,10,223,210,27,3672.662701,-4088.008129,2661.416213,1573.319939,420.000000,55.726946,543.276926,0.000000,-5000.000000,-107.012000,2929,9720,4186,5385,0,0.437363,0.562637,142.928571
20260510_154823,2026-05-10 15:49:34,9,3.7382,1,500,55,50,5,1,10,10,180,154,29,1719.690515,-4485.591168,2034.177769,1682.867415,308.000000,45.407469,449.477363,0.000000,-5200.000000,-88.476000,3183,10280,4226,5917,0,0.416642,0.583358,138.319511
20260510_154823,2026-05-10 15:49:38,10,3.8590,1,500,55,50,5,1,10,10,129,122,23,3184.390522,-3709.350489,2657.634714,1558.019022,244.000000,52.387336,504.802175,0.000000,-4400.000000,-110.540000,2211,9006,4033,4852,0,0.453911,0.546089,135.491731
20260510_154823,2026-05-10 15:49:41,11,3.4686,1,500,55,50,5,0,10,10,189,172,34,3200.084309,-5441.930182,2238.162708,1867.142170,344.000000,47.616302,478.309516,0.000000,-6200.000000,-111.856000,2993,9332,4054,5114,0,0.442190,0.557810,142.280399
20260510_154823,2026-05-10 15:49:45,12,3.3545,1,500,55,50,5,1,10,10,195,178,35,2903.423326,-5639.798350,2454.374835,1913.329422,356.000000,46.228790,475.928860,0.000000,-6400.000000,-117.956000,2724,9982,4404,5428,0,0.447925,0.552075,134.071111
20260510_154823,2026-05-10 15:49:48,13,3.3579,1,500,55,50,5,1,10,10,152,114,34,2068.712319,-5567.581353,2485.482622,1797.090577,228.000000,38.842437,454.504209,0.000000,-6200.000000,-88.928000,2730,12392,5530,6690,0,0.452537,0.547463,136.078857
